Emotion,AU01,AU02,AU04,AU05,AU06,AU07,AU09,AU10,AU11,AU12,AU14,AU15,AU17,AU20,AU23,AU24,AU25,AU26,AU28,AU43
angry,0.4257858168969556,0.25587088663610325,0.2840279551221485,0.4675428613173904,0.13629684917861074,0.23422374784493394,0.12920401695323389,0.2516662289976154,0.38702755610544065,0.11825471277263723,0.30655819809425094,0.5721491939537372,0.4338141319034982,0.08206588366385788,0.18272611643892014,0.5334015513902304,0.22463179666052166,0.08704872832383605,0.1293684766994964,0.06974607192425068
angry,0.4081847872507911,0.25366444246413145,0.38645151903613684,0.2673144279580761,0.11974702620354358,0.3381498059683077,0.03860791165728085,0.13405730553074516,0.37699127003929,0.09792191659093391,0.19515341236349315,0.45101158143937986,0.5578188520697855,0.02090785790300013,0.3594717409203433,0.29005613844762523,0.25960575030154803,0.18227418376225368,0.09929372602954381,0.028748839569929154
angry,0.3647191248135716,0.2056205166357322,0.4974739523723904,0.28767557549229567,0.3548658114956584,0.7236422083257346,0.32997808756149716,0.897422851733324,0.3832329132482978,0.40164282153679176,0.3355282993414992,0.43110270888780705,0.3009781519465824,0.3160871350127532,0.1746693806738193,0.04123334608105422,0.960496239956576,0.794996141466993,0.07908828678288542,0.19477700363897646
angry,0.3366187516649359,0.18439328356415455,0.4645339938003257,0.17199984441008404,0.2889795592320359,0.5659559389246678,0.24503836846285962,0.7570117122039298,0.37921505610544065,0.26537402733615767,0.5244860597029574,0.20658997311552565,0.35952222719627946,0.24057816252740152,0.19508471478397255,0.08058497605961033,0.962156167450834,0.6902330733027979,0.06171605330406372,0.03420822425549023
angry,0.3951228446625748,0.22837125337199957,0.6242844391682387,0.1420274961476935,0.43869417853371595,0.7688483934889088,0.615301268111877,0.9269414209829403,0.37921505610544065,0.41044812441583806,0.28707860439488125,0.4413268821879253,0.2787301971259292,0.4056176010585958,0.18701350267756914,0.021543843009136233,0.9809339386997613,0.7856060557741125,0.10222611317389642,0.31364368385715213
angry,0.24834507172776243,0.23403046651245835,0.26054450593766476,0.1514595111491548,0.510666229691099,0.6792837137730382,0.18398797312038326,0.9049275934107709,0.4113051953178317,0.7794902837730664,0.8058017431942764,0.1265872086497697,0.2512971298107599,0.22266967602330012,0.3413944945659948,0.1948887818439012,0.9249553977225158,0.5402027212620085,0.168844532711082,0.0545141911795336
angry,0.49115183938152407,0.2991540698677476,0.36954417618542273,0.7093503574473783,0.2252578668808652,0.3919429190059045,0.11875353888330185,0.705554162183527,0.37699127003929,0.3403038064731249,0.18704061286491616,0.4230541460259936,0.38314173645277305,0.22786570873155668,0.24713650632201226,0.014656648914963823,0.9561832835457316,0.7308205384910517,0.08024438461144512,0.09608836358621035
angry,0.3640760888999508,0.22911667234445343,0.39681519034414037,0.41192386369317757,0.10470885701089452,0.3356938590823,0.03867601447165293,0.286017867886338,0.37699127003929,0.10210854888954475,0.43301555055499963,0.43652736758404875,0.5793745074075647,0.06685922448990102,0.4675332087266683,0.5910823432667018,0.21348268162461137,0.13483521051353226,0.3049553794187256,0.023430895725303512
angry,0.1304978680926457,0.1804783226105005,0.41321921251161553,0.0848434721610022,0.20498013585675723,0.5162297005428765,0.2844715933173818,0.5986772815638813,0.3859671103754244,0.27721441926115886,0.8219604251884134,0.1303380567023628,0.3749226960459048,0.32066698232694557,0.4980448451309307,0.7467978898354876,0.19886399809863767,0.11263102331739157,0.2850279191719546,0.053674111744984626
angry,0.3215622190556566,0.3018840428832962,0.5217193458417624,0.03932130816884124,0.8936986038133022,0.8679915105277485,0.610088200098776,0.9238660350458444,0.4150998381749746,0.8277014911859487,0.58158395404898,0.47845851511389625,0.3789392861022646,0.36697893134851434,0.29144617756445107,0.039330329911233114,0.9045262164469777,0.5751823475115486,0.06939708482064953,0.28617736053306253
angry,0.42660593748675446,0.2762051584208231,0.47109128898054725,0.38625223303495415,0.14484455995763562,0.47395370563060835,0.19653041525068704,0.7134478262209507,0.37699127003929,0.15731227823682023,0.19853520854922904,0.25046929551875613,0.28659461196882896,0.2456955144683921,0.16103848545092486,0.02353118625517048,0.9747900204958639,0.7703311628031333,0.06121120465142182,0.13121348627235982
angry,0.4163474589394607,0.16441650117070344,0.6167769667649526,0.07391661129324899,0.1705743719221933,0.32381381805616427,0.3963475667967104,0.3552368177816577,0.37699127003929,0.10401033278155422,0.5149151166811937,0.42929363479570654,0.5084900655251615,0.1727825923557668,0.30267223789876374,0.6920443890884972,0.1346265236459234,0.1030425160146124,0.20321901841057702,0.08550477297812348
angry,0.4038296534694036,0.1439919580584553,0.7039087696399434,0.16997843477218952,0.13538167957655223,0.37876290804281104,0.20036145576948036,0.15588057216207687,0.37699127003929,0.04573653366429654,0.2684388662914001,0.4101098872160982,0.4569484448419006,0.05046694521584916,0.31379840415838595,0.7481833085228958,0.15967032495820452,0.13392619543810383,0.46762745089730756,0.14148847406668608
angry,0.5623455914013061,0.4957123325734557,0.24274894341947517,0.5825751305447207,0.40745622200495374,0.5800602716430721,0.18760732420859022,0.8648211047490443,0.40506355210882394,0.5623986666812961,0.42373778514248844,0.3696217047474518,0.22500814859744311,0.20735488306643501,0.3015810295684493,0.04234265110087457,0.9488932531846097,0.7988262109449582,0.04835550321323074,0.14740457185148026
angry,0.36342389113285023,0.19242620300614077,0.33633811251288553,0.4475767697497544,0.16620936319406035,0.21045765909507547,0.045564400949471194,0.11548978976160065,0.37699127003929,0.17085565021403074,0.3474974678814879,0.4342014900907232,0.607242715620641,0.036007242608104305,0.35766701359174174,0.6934564134478663,0.08117568725541664,0.07977936267602163,0.3507906081265219,0.00581129150094009
angry,0.290303958599303,0.1668318795112117,0.42966657959367394,0.1597170872100289,0.1753256735594554,0.38388768462452627,0.2097208154744716,0.4339100951685427,0.3819492532325673,0.09202719490667209,0.6310970961895694,0.42159611163543254,0.5264875186418133,0.08432964747815078,0.48116611777661067,0.7056922535745963,0.11831262688747088,0.10919378550352238,0.22984455736911186,0.006947652900033628
angry,0.3973724685961123,0.22411245658902285,0.6542129430344487,0.12724175285413714,0.6168434823336231,0.7888078024614382,0.610708790023477,0.9155112686477566,0.38417303929871793,0.5800778125535822,0.35436262896105797,0.4279789899964099,0.2948919795313387,0.34599929841905774,0.1817017963200676,0.016357596079986693,0.9767310327584224,0.8123077902614605,0.05516154499035211,0.2676188325845584
angry,0.29800011332335985,0.23469476590196764,0.43629676548785284,0.326001940132105,0.6027537819339442,0.7278611167308231,0.31689887047721954,0.8797962473593803,0.4072873381749746,0.552208462054136,0.5966984038181082,0.3558657636604504,0.3665358789405143,0.27718804941669234,0.26898208676107865,0.0467813294072428,0.9666117502276439,0.6083318618520585,0.037550446036205755,0.15858159011224393
angry,0.24064870722231935,0.23678596996559417,0.46079528315107804,0.17130443541939036,0.16840380584980288,0.4330942948966538,0.17750263901255117,0.20246240031532148,0.37699127003929,0.17838293354008666,0.5949681280319196,0.42252839168242906,0.60868013332834,0.1047078301283452,0.46005454497762305,0.7148138557881928,0.11345689309163916,0.07906080439772041,0.4468147143436528,0.08030556258756837
angry,0.4035937200495294,0.2077079812957845,0.26345051013005555,0.26988871015906973,0.06657070902162403,0.1117980019263527,0.05659714706963797,0.15389101714006237,0.37921505610544065,0.023920064249955058,0.44338369507357783,0.5753703925123315,0.3791095709257587,0.026283048486398487,0.289319501284714,0.800708195782485,0.09019114627391685,0.05052656431677182,0.23092045286918872,0.00953745276976095
angry,0.418266530358311,0.3363848744355626,0.33415790432442594,0.19791475650424925,0.5469451595070164,0.7074399686049672,0.1936462597076803,0.889703454190573,0.3819492532325673,0.5684242323380219,0.5163508466264525,0.477020221980878,0.42116973705880884,0.2178312872561323,0.3407072151207322,0.07817725139711669,0.9299271449393272,0.7029940606940088,0.0784280046559299,0.14256473889287488
angry,0.13517366031615136,0.1534938623358101,0.43915928420713624,0.07908137198410059,0.17027957945828373,0.508558094199388,0.3297367842355692,0.577711310544695,0.37699127003929,0.18574635893313354,0.7865975620566938,0.09823693407461495,0.3495067678897779,0.308727059122503,0.4312933010757874,0.7674729677386477,0.19016674429957858,0.07792164037104363,0.316686014517089,0.07765191085603891
angry,0.33506272443783497,0.3897470446181619,0.2897491676984898,0.2675502374660641,0.3639375758630994,0.4286380400084639,0.08987260063800995,0.39197473471653005,0.40506355210882394,0.3275211803224338,0.647129904884493,0.5309542404579495,0.6231316618032917,0.07322020766003053,0.41560746179510927,0.5938406371949654,0.19759178399826782,0.17479970738858439,0.37298604497108734,0.08555390549837621
angry,0.35683375845212106,0.3090031569325143,0.22626287012549146,0.05616974693100221,0.9641770949046341,0.8916234348882089,0.5806488334724348,0.9890836188726276,0.4150998381749746,0.9656922843358317,0.6991436759021423,0.12332224066500372,0.1173339970860626,0.3811672554289476,0.1156661760844017,0.022535016114647793,0.9900929369426661,0.7485521905919869,0.05123730989180827,0.15647345234566634
angry,0.4907284680555577,0.37146302662171893,0.3657879086627025,0.517876380910049,0.26416844602307926,0.4290210144872911,0.17169254669627665,0.7108239610564965,0.37921505610544065,0.23879460413226974,0.3121527966463965,0.3627531538209427,0.3247351310906662,0.2577800780368517,0.31115146646688635,0.07675400054388339,0.901042415094227,0.5817396419975623,0.08153502917229798,0.18386436718016763
angry,0.3192621315367425,0.2257858599314185,0.4203611325099755,0.19596786689043616,0.3149306868419736,0.4595082867109689,0.1182683532531305,0.5750507434700498,0.37921505610544065,0.32218310956495066,0.5625591215477712,0.4016120491178686,0.4738508631252188,0.1833374889803916,0.3919355325944443,0.1081505410218263,0.7833839226568806,0.5242391470222858,0.09399767607912918,0.020433961735652397
angry,0.5249413548625754,0.3232080702988854,0.4506949752609552,0.19531980479629896,0.446526169992311,0.7034075380164293,0.5105226021425108,0.9224385294562205,0.38899163340302634,0.3976615424760014,0.3795708549537379,0.3777031772500035,0.2626876803601401,0.34447007714496947,0.17369710274020392,0.032318408988912174,0.9780099974595355,0.7173756087834343,0.07665062605134315,0.2944413952266557
angry,0.35099069915498315,0.2419055389825958,0.3217306470835816,0.23588100835856562,0.23942241778754778,0.27075142432679083,0.08022353866853059,0.3153801824622056,0.38702755610544065,0.295925985219493,0.5696459418911898,0.5376913821590075,0.6043306587981667,0.11183113007214257,0.3705690597449186,0.777890828818795,0.10830193027513306,0.18395444487810447,0.4923441771035076,0.05915259176164723
angry,0.1551847672364775,0.15536970011517,0.40760441391255936,0.20204249792813406,0.04514687782091048,0.201826197575845,0.014221664356918143,0.19752322691531157,0.37699127003929,0.068364269103053,0.5745615873115247,0.0838177418631851,0.3552751454868704,0.20877513396014694,0.4426893283770536,0.7837479224324194,0.24911813873703115,0.22543388420439264,0.3649084231173971,0.007351129782725637
disgust,0.27905427473569894,0.20912190188438734,0.5553956714438905,0.029730555067100005,0.1793553396510763,0.4851392957368339,0.12746327579575725,0.513865965388759,0.37699127003929,0.1372273080889982,0.44661139417316265,0.26919555910382964,0.3821429771158975,0.18038775273056404,0.46721097544378654,0.21563349051120706,0.8407013549942925,0.5796964057798293,0.09739702584867636,0.16293541393289268
disgust,0.31479400742814756,0.21307240902575197,0.31985653479656917,0.17252635724541068,0.340457357782742,0.617439914204209,0.19534690799418525,0.8678513023233299,0.39059137674864036,0.4266201082307039,0.7600133357106168,0.23641614616168163,0.25445928972896936,0.17991824532597986,0.34137726396774365,0.17116654163226908,0.8832193815804649,0.665892353302272,0.06939932442608127,0.008708905373573097
disgust,0.41499857859562245,0.2773391332165809,0.3882136153161631,0.1564975743842651,0.3195102281603343,0.3524934357410692,0.29283054479134085,0.6940111411204568,0.40506355210882394,0.32120202140382487,0.6393338429830301,0.2644805007817763,0.2623955005179322,0.18638221743605038,0.28590476382671176,0.17897929415962147,0.8406748885731395,0.36720350095259857,0.09135101388354677,0.182416419836041
disgust,0.31680794651668165,0.1906642870063045,0.4258127046648977,0.17250977974204854,0.6354052432240361,0.6921734136084404,0.24342646539722435,0.9248577976500127,0.38819089644157506,0.6629784739011322,0.5078698712006467,0.3850263147402002,0.35364826323606674,0.27288136631740983,0.19669450497353372,0.012413682544413985,0.9733653321642328,0.8456318368179406,0.04751325598975203,0.05059813944574357
disgust,0.37730445799622364,0.17661469225656043,0.6389163816816452,0.05889855133367606,0.2121383609186648,0.5522304245717917,0.3367614423018022,0.4334965270630222,0.37699127003929,0.15346068387636444,0.530242623343452,0.28950942689822395,0.3952669144118974,0.2141392309956317,0.3340257094515638,0.6784296490518232,0.35221608076924105,0.25330203591801925,0.19755619429838944,0.15160533156710546
disgust,0.39867840404229477,0.17875777025885944,0.6773153110289866,0.10085974028633538,0.19628061152713114,0.6070070195535331,0.2475753232881247,0.4680173814546764,0.37699127003929,0.15916253602503844,0.4780963146120319,0.3250680843484978,0.3646294378606867,0.1966386172849031,0.2813349323054414,0.5590166597954566,0.5285181865623301,0.38771291510784733,0.1802195383165862,0.16231761572191813
disgust,0.31680794651668165,0.1906642870063045,0.4258127046648977,0.17250977974204854,0.6354052432240361,0.6921734136084404,0.24342646539722435,0.9248577976500127,0.38819089644157506,0.6629784739011322,0.5078698712006467,0.3850263147402002,0.35364826323606674,0.27288136631740983,0.19669450497353372,0.012413682544413985,0.9733653321642328,0.8456318368179406,0.04751325598975203,0.05059813944574357
disgust,0.20524032918336485,0.1574340276072959,0.5069083233546087,0.04940503462724612,0.24480664455906853,0.6221622981919889,0.44263419925036024,0.7624528030561049,0.37699127003929,0.3242100408903081,0.6903127484029737,0.19560786955792744,0.21755285127652518,0.2109940620651177,0.36692610810711795,0.18101120416183228,0.8518264026804588,0.5883012515143484,0.12757458367359178,0.36372523306483945
disgust,0.3828769118325087,0.21628945294395244,0.4278308764547332,0.3675423371675157,0.5021566319625047,0.6106735544382048,0.1809719216765937,0.9268402912288057,0.38819089644157506,0.6253199167409003,0.43171017771035397,0.3666076106934369,0.352549744571439,0.2946466035445229,0.224343544274926,0.036888826563270576,0.9822452897197061,0.8284535174594962,0.03176511656546462,0.08028282295299154
disgust,0.3099729811666302,0.11140257907075186,0.7005788374029739,0.06467247353934932,0.19690381992415903,0.5889762430882489,0.3805914397407215,0.36827668269497743,0.37699127003929,0.04714877329594229,0.45360560772411873,0.5178280144685198,0.5727649022402527,0.11593861919802545,0.27741246374696826,0.4207887847202915,0.246546625626672,0.2234334957516401,0.12044155280957557,0.13874201254699875
disgust,0.5623649910574163,0.43161246637462397,0.38863384733328804,0.3150041874574141,0.05613643444049338,0.23660385906985287,0.01485169726518943,0.43293649645466303,0.37699127003929,0.1171623049192565,0.39707576624410884,0.1979156504216085,0.38772014297101026,0.19387466674265166,0.43795629157722954,0.538328448927901,0.6497330390739766,0.40527608609094096,0.2936519459263122,0.03972924575169897
disgust,0.37300438412885234,0.26645773523877553,0.24697513701509888,0.3719556046712385,0.14120736863540512,0.3288500377670316,0.07086492543332513,0.45730188999265137,0.38702755610544065,0.1648042442090226,0.3085089465872398,0.47747678785939984,0.3526914107092878,0.18372096659747406,0.1958011510673658,0.2669336532282158,0.6122163965441644,0.3945276932789772,0.10334451852629908,0.06455113134351616
disgust,0.3458333097432286,0.23985814221245016,0.5664530670959511,0.05130419069590107,0.7630842196690442,0.7611961180459268,0.5984211352005051,0.9045431061979712,0.4113051953178317,0.6154268890056082,0.6703484101502803,0.48849150316839385,0.4457140512068536,0.39366044648357595,0.2674740790795967,0.060100540665151275,0.9124559730403035,0.5626690293966453,0.04735505518714376,0.43745935771496647
disgust,0.28482811810211217,0.20378899188763575,0.36172247139837005,0.17986427532877047,0.12690060941275214,0.337360101710342,0.11940024390131582,0.4816107508222445,0.37699127003929,0.10413582494539893,0.47874751448380665,0.09895693955026999,0.2335654723622162,0.12854821952520817,0.278700946870269,0.7231858515735329,0.3643342326889848,0.1448368675694279,0.41497554973884093,0.01601049317985553
disgust,0.394662362839248,0.16022629115922726,0.6681815945679069,0.05635611256340098,0.18619571014735947,0.5773427409659829,0.2604530447907914,0.30247350617819757,0.37699127003929,0.15817795210294688,0.46582181657049193,0.3606593569649223,0.37822983100307217,0.12648664349829022,0.3327609636554585,0.7624858129416706,0.24088600170903116,0.17887356742741398,0.2530424462301631,0.1576577517763399
disgust,0.4624482175858792,0.24660732549682685,0.47649057004956696,0.1401182880998743,0.38003687344997683,0.6017738002756523,0.3996057908411094,0.7558109245249147,0.37921505610544065,0.3353433121492705,0.47420098161715085,0.5028218087813808,0.3782878006951213,0.2695002313107925,0.2009701200735617,0.16592982678255885,0.8376855475730296,0.4990856147102882,0.11187416748574758,0.15430358234589
disgust,0.3694014660390399,0.14333210325121135,0.6934253626160667,0.08754000543989683,0.21619794835696357,0.64885500192761,0.3715734317815016,0.3944873201146768,0.37699127003929,0.08979204913871654,0.328538818902806,0.4685963133718085,0.5283336303028252,0.17416442844193394,0.2783255555378185,0.14201875358230456,0.7868959938305777,0.5218954310699235,0.11810826275897505,0.18385183964158905
disgust,0.39107738738329945,0.2550975026449984,0.4506960883774909,0.29925745437528106,0.05149288846138744,0.25146552490265556,0.06476545949792009,0.2255299340527347,0.37699127003929,0.03571058554259218,0.29275991789040956,0.21598009573782836,0.4463301133862598,0.05558554135925247,0.2621696353249539,0.12096737167104385,0.519419746386138,0.27704058892350586,0.09831602157781129,0.07681258571820752
disgust,0.33642132575611394,0.29555352297304877,0.3538099733908542,0.08182551185198025,0.7212134826719722,0.6516272967633642,0.4826867629598777,0.8385941268911314,0.38702755610544065,0.7786727287868702,0.663137518556905,0.24222676613559413,0.28525092741943653,0.34667892921430055,0.270563121890337,0.19142695525978143,0.8391703200612176,0.3479629017915556,0.2625882174642892,0.42085770954180846
disgust,0.37728243456641736,0.40948550110350745,0.3357773363319268,0.17307521566879377,0.4533740945801811,0.4812694154249185,0.19022975426672736,0.40686459837711003,0.40506355210882394,0.43679334944209963,0.6566008955990618,0.5226686170067919,0.6223799810251812,0.11982363661863121,0.40459392733157135,0.5353622871035791,0.20722983423303984,0.11912880310884962,0.27240520420962683,0.26583408449880613
disgust,0.4351223798100033,0.22023909185059581,0.55365887203924,0.04372174831173585,0.32522870395851833,0.4831063925863823,0.4590637563165592,0.34139489745025253,0.3964214285927509,0.2389755914524101,0.5053778266269299,0.5298636678006262,0.3944734068991875,0.12318526126166941,0.2748283342265863,0.3772293193300986,0.24099822702029483,0.07006004038241416,0.11562117427620817,0.2060109242366824
disgust,0.36168499170536156,0.2502558676730926,0.3272184310911434,0.32297223640550526,0.0896103910945832,0.1820106464020434,0.06101917708701923,0.11259694021255937,0.37699127003929,0.054123042281361576,0.4045156559200688,0.4759605391218766,0.5468167420837758,0.08984637961300236,0.26709169491235923,0.4044212507394135,0.13937389649646478,0.0928990856238824,0.15734471231800365,0.02715046146089331
disgust,0.3695301199694423,0.2379683606127527,0.6353585311770648,0.10192125879150059,0.2525902989318132,0.6700192452176391,0.3222193099782821,0.35047455330869726,0.37699127003929,0.22779015671224973,0.2607529502395372,0.5226565381672167,0.5372837579345214,0.08495991619343679,0.30246636402614285,0.26802697919508095,0.39110415834617,0.3501489890840424,0.10783243782322968,0.1851937821565615
disgust,0.3208663391450429,0.22658962980756034,0.38415436500224337,0.2548275137854296,0.18748094012078026,0.40602982664679826,0.16657022694632206,0.3654129511730376,0.3832329132482978,0.23120682853777227,0.7058999313389626,0.4471111325411017,0.5710353799766861,0.11347931370058226,0.45505221154745945,0.4780077377782561,0.12777959634836233,0.07999908537591625,0.1408225070541342,0.01378806432405581
disgust,0.39867840404229477,0.17875777025885944,0.6773153110289866,0.10085974028633538,0.19628061152713114,0.6070070195535331,0.2475753232881247,0.4680173814546764,0.37699127003929,0.15916253602503844,0.4780963146120319,0.3250680843484978,0.3646294378606867,0.1966386172849031,0.2813349323054414,0.5590166597954566,0.5285181865623301,0.38771291510784733,0.1802195383165862,0.16231761572191813
disgust,0.34672324982431885,0.15183135132226455,0.5468877459380269,0.05057887679308507,0.32432908807916755,0.5501329894886692,0.41275519248924175,0.6992428651843188,0.37699127003929,0.31452343589275616,0.558405411185068,0.2716004751369662,0.30636119499956577,0.22531922682891464,0.2806780363857622,0.14001532784993995,0.8639566872353286,0.4228359369360643,0.16194656240459376,0.1266798062609892
disgust,0.38460839860579316,0.3188030637769646,0.2828418329800651,0.054088316171690166,0.7560235953334308,0.7472105907437353,0.35469958491775533,0.8971256133281761,0.4034638087632099,0.873692685914528,0.5958162003897625,0.396095083422682,0.5232024461578797,0.2743058034824865,0.4001104836590758,0.0722528738452104,0.8885695443316791,0.47303352136916194,0.21250785694203275,0.018716718067290965
fear,0.2664652112487588,0.17074037087330857,0.28437193074813655,0.14214581201493592,0.4609057417249076,0.4018106752439203,0.26059447840788247,0.428599167191097,0.4102812440706662,0.3825904593742523,0.7659264615535533,0.40662296092594347,0.5522898771497655,0.20578779769758282,0.38759754527595586,0.7258838573016831,0.11520155413194418,0.07051081802648457,0.16094987995532048,0.012444033981123832
fear,0.4777117074811237,0.42282689426512104,0.3089682410391458,0.2266013291709121,0.4365283840680517,0.3644721130493151,0.31118109534239813,0.40112614519941586,0.3964214285927509,0.5596399673885641,0.6443043624860882,0.4573416320125041,0.5016901090671066,0.19166447516734422,0.283588002918389,0.3424296263683026,0.5478875359528187,0.2680959620581287,0.1454061345383175,0.285934567513745
fear,0.503686691251769,0.46997383290658934,0.2884940442660364,0.2866931487604907,0.17278618969582005,0.41145985779420435,0.04971084731609757,0.5230701085021522,0.385772782644332,0.19451544890526565,0.4956750956719538,0.4115815924200574,0.308339671212429,0.0830954250316875,0.5426395806100212,0.42774200904272364,0.7006203885113836,0.5257436779278014,0.08305605922260506,0.07744806411797187
fear,0.5838413393036488,0.5147006791794375,0.39667020376338646,0.4858189991215267,0.21935627405835398,0.3797816024739079,0.13453145828847238,0.5102095069030531,0.385772782644332,0.2304618455815125,0.45860148193722383,0.4048818406568673,0.5228408499500176,0.11570989559505576,0.33667289554404173,0.32265177585962973,0.27609226405967524,0.2389467232138688,0.11947405087458637,0.1707823728681612
fear,0.7289854081250352,0.5451310274051345,0.307945244642217,0.44031741228815247,0.10407435108651346,0.21202277203168707,0.015909837119050158,0.18333429331598353,0.37699127003929,0.11036764351818582,0.24221003987913697,0.628057481340628,0.579231849376433,0.08818107703885167,0.42612364882448533,0.7201238836098428,0.28262615004972463,0.22790093513011378,0.38466026547496046,0.04203342175340054
fear,0.6927782783986188,0.5595646881019667,0.27792031429123,0.5340593091262356,0.4433848023356573,0.5378428798194316,0.14925754017519835,0.9184097287438496,0.391985539298718,0.6490270336854551,0.5035493307598237,0.4002527072897548,0.41790408294963793,0.2898953370421243,0.2552888320922883,0.019356013333141752,0.9790866040506996,0.7957732642858423,0.049291226329028597,0.04480702828301882
fear,0.3943484623957641,0.3837436020374859,0.24130179313698633,0.6193326648660575,0.3214196512231255,0.4019520039806646,0.0676781934406096,0.7468500309747422,0.3832329132482978,0.36950073022540336,0.46777163788889037,0.3800344334085562,0.3094695109777777,0.2165142679483245,0.18774759191530346,0.10392643677536957,0.8660895230115715,0.5073250775821411,0.09620884054746785,0.06937634771552197
fear,0.6866094537063628,0.4801310709609418,0.37551079093363016,0.25603261966014407,0.12145864315383896,0.4000842922952547,0.07972735434393333,0.48273501262516794,0.37699127003929,0.1819982837961693,0.28526769408359887,0.37367080284132603,0.5195411176755266,0.16389737915140995,0.4314415442295365,0.16460089669327804,0.6901102698103163,0.5213468790736165,0.07982071243300305,0.04761973207329845
fear,0.40160501181983527,0.17226287367258802,0.5121020288007356,0.26704585027516187,0.17258577245993248,0.46550522987547255,0.1645713170967413,0.47466897341982967,0.37699127003929,0.19200759138150575,0.33423804234843596,0.3808128621047621,0.5216669137483384,0.12987336408562655,0.25507983871650497,0.11635052761425295,0.8646172994554766,0.6318038751464199,0.09701543436455262,0.014766613332767948
fear,0.19728832499715826,0.15485624005584395,0.3986721811342328,0.5236239892456087,0.09662514855515217,0.30173843585804255,0.05522774600082687,0.25256537202953533,0.38480377003929,0.14112414693478118,0.5990005089911324,0.10685886490591467,0.3504825392781338,0.17219021719363126,0.4358439303668392,0.778374952447578,0.17133312331233877,0.14894600566031233,0.37160751283968163,0.008652042509701656
fear,0.45836977824517056,0.2828208467923738,0.3308774941306802,0.6316786058961823,0.40225077523718744,0.4428069150516637,0.1718615477665551,0.8405530501312144,0.37921505610544065,0.5771129361467763,0.3513461102205303,0.4095521868035862,0.30431300103775394,0.24951538690352645,0.20347533279802443,0.011613817222370756,0.9584107130958223,0.80479786762074,0.059320587976209815,0.024940563316780684
fear,0.34927531474698115,0.2830423406067286,0.3072761182008804,0.11296828619574799,0.37275470702332547,0.5662115634642622,0.20433546034912206,0.764068603365324,0.40506355210882394,0.4943086792904078,0.5821931347669071,0.47936928567516573,0.34287540016207035,0.13957748669074826,0.3839956222168859,0.1827951176987639,0.7815490930954301,0.5460536042234615,0.0623659301384688,0.050117762379020804
fear,0.26467392789836985,0.2961830114312271,0.30104437496339953,0.45186133034907827,0.148984263554806,0.43218367049393647,0.08471649972497655,0.5818321828787946,0.38702755610544065,0.20407966693392757,0.6161704384525071,0.0870312538644546,0.2156480657431657,0.25779933174156255,0.45687275990571374,0.4940400961256608,0.5690371180851753,0.5362145514535994,0.4042958676272243,0.02526089847731033
fear,0.33916870011127986,0.24921511244817338,0.376166065411563,0.21356475630372002,0.4244991989303251,0.6210408705723145,0.0924937240121436,0.8342464032570203,0.38702755610544065,0.5281856563366779,0.45116105241747234,0.4011432463160366,0.3919099468219747,0.23680905644676953,0.3160614273505883,0.05549577793742154,0.95955235060074,0.8005758429002233,0.08841504180732672,0.04672661884126131
fear,0.4705457550821513,0.30484560472308314,0.38976688721293484,0.43858075512866884,0.3071476439383079,0.6160043885459315,0.19539162012540007,0.8617498936796153,0.37921505610544065,0.2979741522995947,0.3153199587034751,0.44918960575335376,0.28472566048797315,0.2663310192238926,0.1354035554890658,0.10336953683240707,0.9322524658760616,0.6411084694386029,0.10283485291107101,0.19128562080272948
fear,0.35063234777954305,0.3051362835146037,0.3087836102095307,0.17323862072222573,0.7081030496871065,0.7639785916295841,0.24787368468804055,0.9489406823725428,0.41287605210882394,0.8459075029699726,0.6884187458134465,0.44570331182673417,0.393085756951093,0.25415792285132477,0.37614040934511483,0.07008756522143539,0.9331552376846272,0.6088155718897024,0.040631805192397695,0.14982968388047926
fear,0.563594437396835,0.34625950170645875,0.33585318899970984,0.5440743385111781,0.6192529533948447,0.7082949824812298,0.263302443832893,0.9550227186072868,0.4150998381749746,0.6663760680306218,0.40113486192668885,0.4837044110626443,0.2528433149302035,0.33857256070480973,0.16282189001824693,0.039293781513426246,0.9697350092533394,0.7296940072004505,0.08168037116033387,0.21082008630433582
fear,0.3763747627154289,0.25099856653472236,0.6523612077916304,0.10540510098734113,0.46998334298007965,0.7154714432485556,0.48181110952194955,0.8477774878070434,0.3808147994510547,0.42049789525257825,0.23637602364859872,0.46970476986874854,0.3034554208117442,0.3116946356930124,0.2706996143454354,0.04353518347325889,0.9849334796701117,0.8281538741269543,0.09038177979347042,0.6847718334278015
fear,0.296290677458106,0.37595965748722726,0.25814038143916884,0.4850431527004648,0.26165076937787624,0.47316501266426314,0.1122326438319241,0.7723005919905449,0.38702755610544065,0.4644495518362644,0.6865012420609012,0.08752225310945833,0.19413744560622168,0.271251887389781,0.47526764902425783,0.3393808086864511,0.8625834842334232,0.5938272496198346,0.3038081110738587,0.033997320125308775
fear,0.5116643633032433,0.34706590210365007,0.27921815653340815,0.6632553074487019,0.10643185311116833,0.22330713612799225,0.029573831253785723,0.33302470807103735,0.37921505610544065,0.0896983096660051,0.33633606882975425,0.43238325400119343,0.33662862954723194,0.05030917593113701,0.19296056621230806,0.16527465139089229,0.5387550602761798,0.3142059204836584,0.09802137040333571,0.01663575576520188
fear,0.5032475742673617,0.3859218426681566,0.3332091235668947,0.5666644698122254,0.10576608870294281,0.33634683210516714,0.05066501016338358,0.3972471866919942,0.37699127003929,0.09590788228524512,0.3838005924122279,0.3604455640088925,0.5085107659512661,0.06714290677011081,0.4296766051531286,0.2962093154363205,0.41672949473785587,0.2783332550391305,0.10934023279759937,0.04293390051456552
fear,0.7159665464449259,0.5357872374649156,0.22052530329139217,0.6741012427648945,0.2607969010385972,0.39627094770756566,0.07308605353404067,0.7298688305814516,0.3832329132482978,0.37099768596405297,0.3167678299367605,0.48100509881027226,0.3573434327899389,0.22346163089332496,0.15329727969862622,0.20258366599466515,0.830701793854715,0.5313767159495372,0.07631642719554867,0.12988642786550772
fear,0.6728175234718583,0.5233037157806624,0.2740635099889313,0.6407452183545405,0.1220947472255075,0.23576706355585086,0.02423126734343014,0.1754842070237523,0.37699127003929,0.18630895626955107,0.453860323745225,0.4445860486356054,0.5360070985062407,0.03975978283411423,0.44599162147963073,0.7590142943657288,0.27955237100755514,0.23292537609265626,0.2577283419777522,0.020111109653014735
fear,0.24019833662585843,0.24072661373962997,0.3869733546401998,0.13017872072490325,0.5482619658271628,0.6430888031241145,0.4582200543767434,0.7629233408961485,0.38702755610544065,0.6067427358335709,0.7191581074245943,0.22629457826612123,0.263578568477618,0.22105290368247946,0.2793599535299391,0.5659735579505519,0.3767853660501639,0.26856018318703057,0.28892599018875376,0.26482871618775305
fear,0.5071362861822973,0.4806058244706823,0.20135351172342722,0.08970788523749101,0.9298332149222854,0.8030649232051551,0.32662524835636164,0.9702062077225144,0.4150998381749746,0.9695690958336384,0.5644389064443286,0.3945202344967019,0.3296339894373359,0.2987522053593251,0.2755678256028329,0.043337513616892316,0.9696727378645805,0.5083092075277454,0.13758778430282514,0.06765543268023758
fear,0.5437636631229482,0.2901887173369516,0.2773369174062608,0.6034836979268113,0.3393381007397138,0.4278312925173422,0.09184615298808811,0.7799850073946075,0.3832329132482978,0.4143530102360613,0.5114502245604285,0.4169076570314227,0.3672952463788787,0.21136105218978815,0.24437919979241982,0.21894551752503347,0.8543140261173429,0.49307131691497913,0.1410557539301904,0.0074682702849559884
fear,0.39943875672835016,0.29387603715460325,0.4852546555393132,0.4782298751030794,0.11089868389883949,0.41135103016656055,0.11350173734376585,0.6126558831144117,0.37699127003929,0.24686915177071786,0.20158272458537477,0.3446839863316436,0.33114654695290796,0.22073483036818714,0.27582751617635964,0.04046874996756684,0.9322515704603251,0.7866360832292735,0.09310794355365297,0.08387936801697216
fear,0.4526670252385095,0.3291611784300194,0.34225014599313536,0.2702564318129597,0.21691134757450042,0.5456804889716034,0.07984527865725247,0.7789171775663241,0.37699127003929,0.3807140824298718,0.3221822175126822,0.41426146590382784,0.4265970032068708,0.23309489929603947,0.374691809197189,0.04879006722989376,0.9625148627957091,0.8222886099888806,0.09135152589934514,0.062405899715409066
happy,0.4391961280398288,0.37502393474707596,0.21283851969945136,0.1394701984464787,0.9158520256144624,0.7613182206009869,0.4672716990267588,0.9568727712032139,0.40645771465890146,0.9636232285076919,0.638968923554093,0.16674245821523184,0.12502090755421325,0.3004391642578225,0.15821219789198737,0.03565138762767546,0.9701539485269132,0.437240166263533,0.1418962368056455,0.22067656221205817
happy,0.5752041058029629,0.5263587599331271,0.16336373424107917,0.6119948019507548,0.3378248245361731,0.2586634984288393,0.0977167569960504,0.6647583068168235,0.38420105050319975,0.627610776647232,0.5927014544930113,0.066683284261415,0.22896438749005418,0.15768175825779923,0.310684118635051,0.34795494221353773,0.6834935996674558,0.3988824002193888,0.43305036010704395,0.027420333914017072
happy,0.2156501801910948,0.24578958481804683,0.26486145069813694,0.11634286306778274,0.8009927404730883,0.8202530351036621,0.1456732274782009,0.9582845651857737,0.4150998381749746,0.9258323704853471,0.5131041847271315,0.10631135168214464,0.17622774763113697,0.2635922158680108,0.17924248584227745,0.11395052093483425,0.9809769437021535,0.6138717688485186,0.3101205308218354,0.03284889922267088
happy,0.3337021730969424,0.2646287729622264,0.4894992672556955,0.014882425701141209,0.871526717548093,0.9124614812969991,0.5398357149657927,0.9620349469725574,0.4150998381749746,0.8873332972743679,0.49801675956963326,0.4547346416913631,0.2662643837556816,0.3032849211369826,0.2779914965461881,0.02433042896464008,0.9740373003575403,0.7361684042348179,0.05949623054180707,0.19172404407241003
happy,0.39641343920225647,0.4516787576384724,0.20835068755367941,0.058219060619456316,0.8914150465879226,0.6402729494500852,0.38575077862918195,0.611865814385112,0.4150998381749746,0.9496364505764238,0.78086316722557,0.5175017511344403,0.5848241623635804,0.2204754690821638,0.3979478895345781,0.5129250470683464,0.27062524316931197,0.13789220086284698,0.20038491953857507,0.314292990369876
happy,0.5595410723403652,0.5526876577568152,0.18341760485944067,0.2239387864321952,0.7246995594891734,0.6477260198204172,0.24338245264917344,0.922824302533845,0.41287605210882394,0.8628484805732944,0.507425411506958,0.502365712938302,0.3853085144824994,0.27692670444764633,0.2855199329074105,0.09955933060962,0.9096369100584782,0.6568636533864751,0.07638003566035052,0.5392936406536375
happy,0.5957317226970942,0.5381348930861103,0.2191910034958311,0.20311559443053606,0.9361570611698133,0.7122285494310715,0.4080588853432269,0.9642703543471179,0.4150998381749746,0.9848783687607577,0.6672594226778832,0.24438126080233233,0.1530801471094807,0.3004801077705212,0.14600396430093257,0.01487521829826707,0.9813708748876598,0.4689301023700311,0.13413017522514412,0.19769620004459598
happy,0.25815659008289704,0.2638794604144587,0.13641050576531455,0.1052789871846491,0.9177832741624593,0.793826920906935,0.25302847992828703,0.9723508235265093,0.4150998381749746,0.9776949318884262,0.7288671388388425,0.062324973697166886,0.08389495503017273,0.24003126668013622,0.23989983180810484,0.06964920773537231,0.9694376092630157,0.7514230602837731,0.24026215843675494,0.14107755879617384
happy,0.33368665493657185,0.3163240113710368,0.15464733331206326,0.11999578076244603,0.9425743203346914,0.9048150895927456,0.43364263301741285,0.9886794993623882,0.4150998381749746,0.991527192752549,0.6810868176613294,0.2591058280989636,0.1208206643834551,0.3230771742509661,0.19685645055419032,0.014075596463182636,0.9973636582137388,0.7650337764779493,0.051130517424965286,0.13847093905782834
happy,0.3723893797570727,0.24693349936581752,0.18958693843767427,0.11338828399448461,0.9232558260480253,0.8760547173374782,0.3842432287377167,0.9664979751662108,0.4150998381749746,0.9850968082419931,0.5966734813584714,0.407040974412607,0.20791664605714338,0.23814081211426189,0.25702154075069694,0.032703645599911936,0.9945400237140133,0.7290400824062117,0.05533313123619632,0.40463682600053225
happy,0.44665175396513784,0.4167894234660775,0.15420512905970452,0.08457073839704118,0.9575040593977354,0.8932115834624743,0.4571630320622693,0.9784317136104038,0.4150998381749746,0.981621204571595,0.6820735233022982,0.11217307904565968,0.09439469301353041,0.381461109743068,0.09992559861833997,0.008629766180417366,0.9894522445617986,0.7164580949313673,0.12153675110868127,0.10402960619979054
happy,0.2876464971669893,0.4261771974495751,0.23120001019444045,0.09912817370450473,0.9093505684112945,0.8092635980336736,0.4314684961656458,0.9489498960482131,0.4150998381749746,0.9517370665710487,0.7898986708965772,0.08552149110044088,0.17945414397169615,0.28519940375759945,0.2210827346948637,0.20542999809253654,0.9077340720334066,0.3711109721880382,0.25342040344393474,0.19545974337744973
happy,0.417819590240534,0.4001377613684298,0.1641486235092625,0.11701964622098347,0.8312753722872095,0.6596971673038005,0.33568590655418135,0.8252281768875774,0.4113051953178317,0.8791211986530781,0.7723968014744403,0.20681821835152703,0.25162407399297626,0.28849233395963597,0.2625961688314829,0.12743960287391287,0.884089045643326,0.3697683357801251,0.1697623103277592,0.0955847543727179
happy,0.38175942433232446,0.326565594799402,0.29785250427846993,0.16425320875982963,0.9301073550257473,0.8505006630820275,0.2309668067084325,0.9567952256795168,0.4150998381749746,0.9561429685560549,0.5918951698827137,0.37845239275940057,0.3141417517608816,0.21477920854079324,0.20879648829114353,0.007855316051045594,0.9841716190050099,0.5506846936453287,0.08550485470512538,0.044264428053018
happy,0.4513350606911985,0.43118000684609215,0.29455283649731073,0.11720709841303467,0.9242825888181804,0.8587379165561413,0.5722311656429451,0.9698565859339439,0.4150998381749746,0.9346946257924452,0.749426178950674,0.12488631518579188,0.1473346857324408,0.30007937128627704,0.15610489460564672,0.026103789368144125,0.9822877625463097,0.4978143050382547,0.09650762266157746,0.2733395745113709
happy,0.45643728406104306,0.4438570897423225,0.2715362396103929,0.0992912006295761,0.7414101482870538,0.8550707394257617,0.43118539161542047,0.9252488498733326,0.4150998381749746,0.8537804447361955,0.44845413664574824,0.5162610096595734,0.23250714772173367,0.2975993012230759,0.2903741414109703,0.057770604005534944,0.9641342522074717,0.6443042175063666,0.06106590990432993,0.649112403181377
happy,0.44409522470776785,0.4267994578450101,0.20762256312934538,0.19194761382796988,0.917457008319644,0.6781189083688739,0.3957670394710921,0.9475714113007861,0.4150998381749746,0.9497532991194565,0.5980137091097287,0.3404859406399912,0.14721237428978612,0.3145856298609749,0.15211943129380778,0.025187969324631996,0.9653346090947323,0.5210884338886957,0.0781252145099507,0.35957883485439135
happy,0.4668931782363192,0.3453002861559212,0.30042457874199685,0.16617401557290207,0.8448026966133522,0.8631699577925288,0.4452458820965832,0.9652473334918744,0.4150998381749746,0.9254371487829484,0.6027101039983015,0.39436649314222355,0.3482872893189712,0.33570178680265633,0.2901156775124361,0.012558079009429419,0.9740046393832132,0.7182848839379915,0.06089608220135429,0.25683325298162935
happy,0.3307014788157299,0.30102711063202187,0.20394128607192727,0.1486832213849476,0.7820099577997339,0.832972745693459,0.13882431546384566,0.9455888729617862,0.4150998381749746,0.9337354599983915,0.545682364033879,0.17154415054708358,0.1867302785667707,0.13923093020698252,0.1702981128658954,0.10730117548985826,0.9782646887759877,0.6425409988088411,0.24099353807842847,0.03867917998611604
happy,0.38171975331539176,0.33513269004404406,0.2109239829774937,0.0551672907422783,0.9620749295488391,0.9199647716013627,0.5435645805746143,0.9827021081824504,0.4150998381749746,0.9626605893730574,0.6845044659188969,0.08635047191829819,0.11309022529511811,0.37157803652514676,0.07699236730225265,0.015560571044429742,0.9824498550027148,0.5924971370127726,0.15929202648917123,0.3361155860426154
happy,0.36228062485645085,0.3089156741198648,0.24914686386058657,0.2555711489063659,0.7156711665611554,0.6453933860130281,0.21120605799951797,0.8731028842474579,0.4150998381749746,0.8129417529074944,0.6460151850021508,0.2769983638349691,0.2481442473387939,0.23170265611680507,0.19359195312041536,0.06916374991563289,0.9175058933772614,0.43676870807493146,0.1874297717520751,0.020348165157696753
happy,0.40981306936809614,0.32648509979162005,0.2877024677384573,0.12606150803124522,0.7526350215562317,0.716649052079007,0.21447914067624357,0.9351192733907269,0.41287605210882394,0.7886560410459162,0.726983492840021,0.43977895674786743,0.5041567840763903,0.18754315597612725,0.3728565586725309,0.1469188682245121,0.7958245853572203,0.38767202067455553,0.12906942471512645,0.01784640690521642
happy,0.4399225840449447,0.39662732516025206,0.2157995242889439,0.08168396305612405,0.958355194215743,0.8919891140201283,0.4317361377941334,0.9634391187140438,0.4150998381749746,0.973346515560517,0.640725042520681,0.06166340145454452,0.1758711010146965,0.3124514493478109,0.11266873268181102,0.0705132900913213,0.9780431142923697,0.5386528550253058,0.28200606794035693,0.24051559580188042
happy,0.22284159571638706,0.28000554225439483,0.1609910930017809,0.0773438883548151,0.9028226344482658,0.8966240914972003,0.3565535074636066,0.9736183805329568,0.4150998381749746,0.932707769552192,0.778513823803504,0.06894136774030299,0.13413813829483562,0.2923968701806353,0.23931454035221766,0.08274549987484354,0.9783741243348008,0.6534649199761035,0.18685379989077242,0.17683349909372054
happy,0.2924764119788853,0.2601643797871476,0.17864985695958613,0.08685107924487633,0.8431253704808669,0.8213430822213434,0.36394554327934187,0.9794070042953119,0.4150998381749746,0.972586371894816,0.5287722868654748,0.28483164082456264,0.1166404012403859,0.23455374299475557,0.18469575533509675,0.0511570440819133,0.9949621709049958,0.7301125248306383,0.061136003400923955,0.03790120601381717
happy,0.29623089075674525,0.31582869391773394,0.31200117412901207,0.061010203616466516,0.8411700369974865,0.7689039503456314,0.5616425883310506,0.8993369033142316,0.4102812440706662,0.9086707194824223,0.7545950571301563,0.2996186855086521,0.3670827552225712,0.3399562195214191,0.2900984259294025,0.24554215984412292,0.8096695229519781,0.4830000076825394,0.1000465668579817,0.4585382235899999
happy,0.3883186810813479,0.30558946833981643,0.2365630830825413,0.14903061217046948,0.7893936221446551,0.6592824105682406,0.3348461897439459,0.9270971327974885,0.4150998381749746,0.819347439725691,0.6999102850183857,0.19575405535586243,0.20449634960596025,0.3287298541090345,0.24952295147702921,0.0399979254103812,0.9475297246204715,0.4008129705856843,0.17057641136534948,0.027311431956074765
happy,0.3417526291654701,0.32193080793451373,0.2642558741665829,0.04695189083291577,0.968746765075112,0.9220932733348548,0.5874185588704557,0.9868093922149638,0.4150998381749746,0.9679009057325999,0.6585632575194471,0.16668548296389152,0.16636327878696933,0.40995960604791915,0.1027372961943762,0.039301991041808246,0.9860722686185553,0.6237733666128775,0.08599486973173225,0.3845335933404022
happy,0.48778158328463855,0.34728437273955687,0.19988556222886977,0.09579875440141314,0.9606556864554493,0.8631251636284376,0.4674107349306505,0.984816758684581,0.4150998381749746,0.9829532729401352,0.620285792367972,0.11858189864729365,0.10391895395540914,0.3819913106109108,0.07789291800616345,0.010848235418265111,0.9915259588032549,0.6756587797061694,0.11896738947680012,0.16652613760276644
happy,0.35119374292450395,0.3553904228780888,0.2664377670945592,0.05904334887357898,0.9666172856975347,0.9032470494245569,0.5425956750520045,0.9741544446174054,0.4150998381749746,0.9610910651555593,0.7116410466601915,0.08613336463668958,0.12205306582958728,0.3798711395817578,0.07109064673133851,0.02065569328722181,0.9877696986501886,0.6380136334075532,0.19266199568624753,0.3228208759073511
neutral,0.5442075306830229,0.4639292498098344,0.3576497282126582,0.36096115910367876,0.24278615562063918,0.4327286053933265,0.15788309547614257,0.5450676299769075,0.38702755610544065,0.2672398631828486,0.4803903500807476,0.5004153193494146,0.5966941041887569,0.13963024078984398,0.2757776436679877,0.2996990606690228,0.2896954098820968,0.1656802498480409,0.09272159005392756,0.08241116941704889
neutral,0.3637986439638629,0.14031983200340792,0.371208528172688,0.2610011380751642,0.09022873613104497,0.20183902371820575,0.017096362043312465,0.14706783983365831,0.37699127003929,0.08034298625985374,0.4178128978451407,0.46274291170138354,0.5485324893581959,0.05030655392505231,0.42862944731459185,0.7606191305146868,0.1569446702375219,0.1751522613701401,0.40516121340922545,0.000808656878633425
neutral,0.2727461658736335,0.11998496390716373,0.34568372885609683,0.24517036235435685,0.03800423008934006,0.16854847357405095,0.02002079940719273,0.1451739592020096,0.37699127003929,0.034849625753716716,0.3653014399494487,0.14455516003459803,0.3222479348853534,0.0485072678371954,0.3723117552585282,0.7260432369325659,0.12287213552210131,0.11991499745578374,0.34885300838452377,0.002192399623995479
neutral,0.41092794004053995,0.2950226180531557,0.3334791154585828,0.20443733257391125,0.15788349275121574,0.4087858005834589,0.13286190476175427,0.3902907442007168,0.37699127003929,0.14747993576879415,0.6728425419500571,0.3660391409510995,0.5525434963102231,0.10693427513845821,0.46325472587546407,0.6085429548432705,0.17128691646505545,0.2057215836987051,0.19844830628014534,0.04516221364217577
neutral,0.3793924721805359,0.1912461264337539,0.3459265693657454,0.14384306612858222,0.3363869246236672,0.47709810322444124,0.08686197146533274,0.5302081930772787,0.37699127003929,0.4695922045267126,0.5713843256467083,0.43085024124149685,0.5959035155430802,0.09511634588263614,0.45663057585929856,0.5514196875288441,0.5561300165882929,0.444003024256103,0.16797876329654368,0.011268655326436755
neutral,0.3064539297254738,0.1733315805738221,0.3095095674878152,0.16715422266481272,0.26580644815202564,0.3860374058859939,0.17741859981594182,0.5298196665980021,0.3964214285927509,0.394521106646266,0.5046660453096212,0.21580576972123275,0.4001462182595771,0.20411725345386567,0.24972880178802892,0.6030534920998807,0.3114872034962868,0.18729885428509974,0.3382533107918823,0.004484274494100665
neutral,0.4970550669862244,0.38462973420696234,0.24458906002783323,0.6723734008277494,0.07375173630444753,0.1411830183965457,0.02889111468760379,0.13092407349514124,0.37921505610544065,0.06394879057227061,0.4235868107869729,0.4949459690614153,0.45657862958962414,0.030885371317441093,0.28461056692825437,0.6613204813017163,0.12701140072309533,0.08324601828383264,0.21138587467435752,0.01317347724048756
neutral,0.3628811130156944,0.2043135160677599,0.3243944322369029,0.34788714085029754,0.2832729583803838,0.31612521052331505,0.06883990952623396,0.3303137958972783,0.3819492532325673,0.2727843688084394,0.5684623225645167,0.43850426880786053,0.5297011467525149,0.06250501824351663,0.4016719191870524,0.7667095980305487,0.14581436426104122,0.18982368188184143,0.2248482716749097,0.018351340248189223
neutral,0.34778238673408346,0.37435923989066333,0.1998213963254854,0.5390781993435705,0.04998175423047428,0.3257677812536488,0.019548903242620305,0.450139192304956,0.37699127003929,0.07512069276255241,0.4985085467117202,0.21943842422586277,0.33612534783876824,0.0989649374516856,0.5309615547291425,0.599972137757686,0.5606759323682419,0.3652296987920347,0.14276754931141492,0.020127355562592448
neutral,0.315047749609591,0.18633539734979745,0.35838625146970227,0.3991557104633254,0.08264555915125588,0.3422218802613338,0.05490501530691359,0.2352961994184184,0.37921505610544065,0.06569746877541933,0.5276185596953517,0.2621494126623604,0.4446176534001395,0.09323213769718601,0.5051290883150794,0.5783436842569469,0.4368514594006665,0.257612768329324,0.1918559817835628,0.009694242038325166
neutral,0.591567956309739,0.48529057450023744,0.3552371711212754,0.24348136952214777,0.27245094217301463,0.49950991640462516,0.15510918456882525,0.4876370457810278,0.40506355210882394,0.303012242812698,0.6231667333573321,0.41968823371233294,0.5694504938552767,0.08837832078619377,0.3800658445046334,0.2524202438625188,0.36610621053220865,0.1663430381512118,0.07255159766681239,0.05162073215797816
neutral,0.5774629378029499,0.4672382094223119,0.2988844993725465,0.19860587131024063,0.13977622404543283,0.3959417929456243,0.043984448159711344,0.4468964945141663,0.37921505610544065,0.19151916909838074,0.5385731300601044,0.3646120296630629,0.5168996020636994,0.07551828989767978,0.45876499272115695,0.5588813251181417,0.3381154027703914,0.23451689494460395,0.13341473033465218,0.015102230431799866
neutral,0.7112415519057509,0.5448587995290974,0.29035296230134844,0.44751731621798424,0.08151853590059123,0.2964706788360247,0.03788264195053192,0.4487149415046675,0.385772782644332,0.10064478517044209,0.5294822629459234,0.3091397535799811,0.34961397121903864,0.0933938948172372,0.3596757997367678,0.427143693216691,0.575943928655703,0.4523322412848878,0.07904556174691997,0.0492829405436143
neutral,0.47263846186484904,0.3407112144309258,0.19622425129654245,0.39721007759930865,0.1743657657649696,0.35300377637183766,0.09258922422980265,0.5083741572771803,0.385772782644332,0.29297709485600315,0.6157354564634375,0.19715342944925002,0.5344570412217432,0.08989640739657885,0.4977665467186583,0.6730012714841429,0.06426781801978947,0.12740686996473652,0.43505064736172555,0.009865139584940721
neutral,0.39431786845544387,0.2622019155868915,0.27996209689325846,0.2760043449576699,0.06643695984859098,0.1548449962580415,0.03372326497420241,0.10236932465534447,0.37699127003929,0.06999953755877757,0.5190263920747626,0.4310165915638672,0.5255966369848777,0.04295645468501984,0.31538506834444524,0.7773604585613049,0.13277361085418615,0.0692871119888517,0.317283037717082,0.0008161756756259062
neutral,0.3877202197326128,0.2018802673402917,0.2497581286823543,0.5830619961614703,0.08680015410639134,0.21380283996926236,0.02799910411254158,0.220361482408373,0.37699127003929,0.08382507987252605,0.4154718594078717,0.39383101400831916,0.34410759772797206,0.05874414023673352,0.28450174746808404,0.7579317100940742,0.37463135429229505,0.11281786782492637,0.21791508977586904,0.0009535383129885434
neutral,0.31499732723338747,0.1590452592693717,0.3458669835307759,0.6286694431143692,0.035863663038950264,0.10700942784561912,0.01110865972884002,0.13220526189192414,0.37699127003929,0.03412752536540993,0.3404948891678583,0.23215695267229175,0.40731432134862083,0.047299563978590954,0.38498336014232304,0.744052402289735,0.17102277575802077,0.06886575491913645,0.23177072744048854,0.0016010267111939945
neutral,0.37057643220271347,0.33289414475325996,0.3524077119309608,0.2595781408873122,0.21119288144997983,0.39453460495549736,0.08866128426872884,0.31094885029125086,0.3914634453994736,0.29847730989907684,0.5829672833642667,0.5142616058783069,0.6371672783399005,0.09534011824192451,0.4660146248424681,0.6366055971385538,0.07437015829520113,0.08271208770794528,0.3999859529899755,0.05539578577223802
neutral,0.2647959311400143,0.2274020513410267,0.3420331229772572,0.1677478503112444,0.24820043856281723,0.43043899342060526,0.07014776703076121,0.6117893100138375,0.40506355210882394,0.33980707399167975,0.5676241840722349,0.3429647802839962,0.2589366772858461,0.08388646611581262,0.5110176606045528,0.46306129547577085,0.6806582056936714,0.5880309217271392,0.1067633324511847,0.007425819127280112
neutral,0.537602634552459,0.6162459236205763,0.20512450369615046,0.24637184556694552,0.6363019217610282,0.5614095078353757,0.15063950264953313,0.6529767848585953,0.40506355210882394,0.6239013258307621,0.6027715372459893,0.4748392863725969,0.5979040056929666,0.16152941060069503,0.3424802589100088,0.2893960161767473,0.4121492615877784,0.23968086174345912,0.06530025768238373,0.18531202392955984
neutral,0.3858255123977138,0.23244656895541946,0.2448454856179045,0.27418136631037693,0.12949985749449044,0.2649916871879497,0.07282962466239243,0.36160561831235666,0.3832329132482978,0.14572855439648072,0.5424549274181742,0.3017978912429661,0.27041659112531996,0.15915825581766818,0.2868225059593498,0.6838124264965325,0.3779390112556146,0.11536487616547184,0.16980167442447583,0.0009656653851714817
neutral,0.2866375492848887,0.2708393094493814,0.19387563141016248,0.29073367689404456,0.20098620040773293,0.23021396386183862,0.07715680114105535,0.47005559513701006,0.38702755610544065,0.3432312551935778,0.6533717809527537,0.330746346552685,0.3693321061775964,0.16251617243309,0.3945763691778163,0.7470884941187182,0.4097936971537798,0.14240459682982234,0.305458926080667,0.04540473025206559
neutral,0.5493668412587998,0.5320741317112007,0.2385680169356743,0.30008005181056524,0.33748508149446355,0.31521398906768383,0.08432802137713198,0.453361936076593,0.40506355210882394,0.3480308598318197,0.4114076613922415,0.5819249787508032,0.5542056689241969,0.08928317294422598,0.3651190979138703,0.46036033136220694,0.3047744710261143,0.2888246692285398,0.19491134280472935,0.12283052214071023
neutral,0.3247799084517253,0.3311225716370241,0.32048555661150874,0.4792494295309395,0.034436671896857694,0.1935130225595588,0.0223690616601648,0.21448436339583024,0.37699127003929,0.03835274023310203,0.5913025535778648,0.12117240568200187,0.3682844441843547,0.12082874001115808,0.5093114051284388,0.7542680623734049,0.209300536872194,0.129458822446101,0.2666738443178815,0.003728667701466161
neutral,0.23246236513752874,0.33876140316707115,0.3012031304459673,0.42009599818741084,0.29714792952454944,0.582521346487069,0.12065596424538631,0.8678325229560371,0.39580906871048266,0.44999846193736254,0.7288571059852282,0.12026847061815538,0.19739127596718778,0.29681483954693705,0.41767060317381594,0.338077711165013,0.9253808661714751,0.6002701606609718,0.245554155595882,0.0526127348177032
sad,0.3799398630589444,0.3860442218910007,0.2526784093103135,0.36505067817798575,0.22713654117762438,0.30203538481110037,0.17547533330664125,0.3469945400483364,0.38702755610544065,0.23921479917270017,0.37902819080574424,0.53568441430004,0.4866578657096394,0.15730148598356145,0.24764468854835853,0.5011095947303725,0.2988376346749436,0.2150074410799688,0.2808335064988056,0.2122340905134285
sad,0.27529409081259937,0.129449699875222,0.3907257753675591,0.42531357737187375,0.05985591849679692,0.13760488737144622,0.08176277224776274,0.18943982268036502,0.37699127003929,0.022434037105900754,0.5824484293362464,0.2364596921262523,0.3969272516361269,0.06953140462916885,0.36091262254291623,0.7616015277704276,0.15689140183869604,0.08316979441717938,0.201856937938232,0.006041605973201828
sad,0.43162002128068117,0.39671081225579125,0.29400605997249807,0.2552993082671899,0.3932875146424177,0.4141551832320421,0.3942100719954012,0.4598356518124419,0.38702755610544065,0.29124058800071884,0.48059544091797884,0.5480810972248181,0.49463387095950995,0.21128917475464817,0.20708969958838996,0.580609972922522,0.3328826496291083,0.1526382059018406,0.3006999232400966,0.36269007310075657
sad,0.5020008865170956,0.3886965612785342,0.3344787495506508,0.6010614400257107,0.09866087440969494,0.11384742537131287,0.034728613064254794,0.12270368771988008,0.37699127003929,0.0760418796665134,0.4240486811834392,0.393522434171775,0.4750067351231875,0.04827717875771991,0.37151667130306004,0.5162441900812398,0.17162446123527925,0.14155537599521756,0.1460225217433357,0.05929762523022425
sad,0.4253452415163642,0.2524357166482445,0.25181507477436205,0.6779489803470894,0.04113739339615693,0.0994725241445199,0.01960483193960348,0.1044298582280007,0.37699127003929,0.030547232563607984,0.40475256273470944,0.42742337843013245,0.3496988028970634,0.02828828623789571,0.20812764724052035,0.5104605334867552,0.14193550970041477,0.04231212714298313,0.12068005916005795,0.0007799787644289949
sad,0.4559031572841894,0.3940646335631424,0.21766499946883988,0.6043718280663166,0.23493947812498628,0.2650164484296112,0.0681003630349717,0.4886270940719685,0.3832329132482978,0.3056773303403006,0.6488963838466825,0.2692855620915447,0.3673426545603255,0.16574531684405142,0.3998426343384884,0.6701287317538424,0.46884120528252254,0.13651415446762258,0.270211768816918,0.001505503677203468
sad,0.21018204932025156,0.13520301224321746,0.2959216461470419,0.1152974180089233,0.0983314490007358,0.5285584406079379,0.14847437556265197,0.4856202982710724,0.3810091271821472,0.08801672860431893,0.6010170003686124,0.18699188883801826,0.28966297894654325,0.12889422494481265,0.4683521391187528,0.7087774725983407,0.21502830577271045,0.1553312456053446,0.2645582316526992,0.006218686744238204
sad,0.567738815573747,0.38009696537239457,0.2792042368104744,0.3115537063378582,0.038215515050359014,0.18899363238441025,0.03409089224025901,0.1857334845445296,0.37921505610544065,0.026328870636951537,0.46031233934933086,0.4568306990462338,0.38247795579050375,0.03948962042734264,0.2807506007827601,0.7573385288487295,0.2053510244062306,0.07352270829381458,0.20606800888420373,0.016261006458443493
sad,0.5445476464247313,0.4174597881359872,0.2729324953357966,0.2449182203906986,0.24822388313620347,0.3217690239561311,0.0405172185921875,0.27716751971946646,0.37699127003929,0.20311168103367888,0.43622938907880027,0.6227997185302485,0.5041466108201255,0.04437846709648799,0.4809998511436379,0.49979659532993415,0.22585952377966184,0.2511502863630074,0.17990540266020677,0.016658688184796946
sad,0.3053543488583151,0.14067177900041253,0.39908925310641413,0.22388045503559012,0.17332541562198364,0.41973050629365977,0.04714295718346749,0.36977018061755945,0.3819492532325673,0.11623906127437557,0.4261693853908505,0.6251965937899172,0.523796868710347,0.04972618572366455,0.46548915580348277,0.7328959957620107,0.1935487173386871,0.21476535583831732,0.2868911307099167,0.00557515340253413
sad,0.2779837357186479,0.19674151282781718,0.2606139928534346,0.3107901102181354,0.17273278135423345,0.30900045288794836,0.06313319126250279,0.3924224822343925,0.38702755610544065,0.23085415238714235,0.5694741388166642,0.45145095804915963,0.4825029548059754,0.10537400938230992,0.28676876648407995,0.4937632991500141,0.2961854358555132,0.21950267017070096,0.12108921714063346,0.03789402548233023
sad,0.6065900629990907,0.5256327296112432,0.38065093799272537,0.08664850204843716,0.6486840005842047,0.5747623188121327,0.41575523416376703,0.7129913062910488,0.4102812440706662,0.6533801588635827,0.7100704244278464,0.5719272625069765,0.6440147301118545,0.23097219861376342,0.44663859876870543,0.6058810644349476,0.2528798934434975,0.1822812319006382,0.26138714420359815,0.6039033458014433
sad,0.545112430324622,0.19099826273282686,0.39143861346789705,0.40059993849264314,0.03374506255322756,0.11192875346066473,0.009793066634380109,0.10214990264601463,0.37699127003929,0.03343619492388009,0.19438768010141966,0.27984330620973386,0.4441840303096844,0.02091456566048836,0.2754293244248525,0.5989869948905132,0.2465097484457889,0.19227768353923666,0.13982728460809157,0.000808656878633425
sad,0.44292189305507107,0.252651467413437,0.41218848212878995,0.3988465529742109,0.3798720642835416,0.6340491673976859,0.23381793325830408,0.8170114667396697,0.37921505610544065,0.38872875985729316,0.3817697917952542,0.45098275943859517,0.3676841403507981,0.20491407598609462,0.18766186947458396,0.04023256300573892,0.9277481659883877,0.6832786779447002,0.07383120285640431,0.15989627234213705
sad,0.19058882066784621,0.1952310632610825,0.3921895173849486,0.2056393369349764,0.05490270392762313,0.34454178201429364,0.05566053827447749,0.3073226466942713,0.37699127003929,0.08188417779968826,0.6262845334437861,0.1915271226172976,0.31649541049650654,0.07952341030165372,0.5305538262076055,0.7620545609763438,0.21679101898982175,0.13905909006304853,0.3141338954336322,0.03184497068443169
sad,0.2813379689247519,0.16499386114115247,0.30465406809391543,0.3440847802852128,0.049819502555490426,0.1958961250755711,0.01841482221824635,0.142670014587744,0.37699127003929,0.053680091565312,0.3258927951916951,0.16768452473365691,0.3463765763869952,0.0832228735107164,0.36195871982715166,0.8340586522672885,0.17083129582406567,0.1733588417827414,0.47664854157378317,0.006883782953413978
sad,0.3770771569843044,0.20886565835106316,0.33780237908510363,0.7289624708956489,0.03180172617718157,0.11119344662718066,0.03640594010240014,0.2239463552783779,0.37699127003929,0.031022507447503456,0.43105763483668436,0.2016688934362471,0.35772725788112353,0.07303057506312104,0.4188751699664154,0.7450043341833852,0.1954478488169211,0.10602950583289923,0.21054966579192771,0.004181868232140344
sad,0.35372286080255566,0.3898497597756351,0.3644584711213544,0.23842035798719188,0.5086167277448658,0.6731414096013194,0.5156718324800984,0.4943849356128763,0.38480377003929,0.45648620859721617,0.5902388099847329,0.5665632393916378,0.5649061323039299,0.20304308771134846,0.37985121681112055,0.5264362770970225,0.3994930183925082,0.2654114080124155,0.40809255542033235,0.44569504079970834
sad,0.2572020870100285,0.13278793921104196,0.41951432248011306,0.2142324665529298,0.09922113859443563,0.44671013247104807,0.2081555277815463,0.4644238934972981,0.37699127003929,0.06628408621036709,0.5600389782748653,0.2788776277721414,0.393324148765695,0.15877558672083933,0.5181457253626521,0.6170919188605387,0.3257657371742058,0.320379647649216,0.13491667673882496,0.0026879085793136974
sad,0.293644014715058,0.16563312455818732,0.43200519707682006,0.19195845662971608,0.11115319552144916,0.2656753847293325,0.10355685988900767,0.22514565586382984,0.37699127003929,0.03960511816895836,0.5302876306533958,0.18086264522855572,0.30810147964293255,0.12124504400667446,0.28194206178748565,0.583981798989721,0.4565443225746295,0.20546502071813535,0.11394231480954156,0.06906387205447441
sad,0.5792593499558112,0.49197524408974685,0.34607589514168063,0.043747451515804225,0.43119694960791727,0.5587987539521048,0.19316937319268299,0.7100389838905246,0.40506355210882394,0.46481739053132204,0.6345626470464918,0.4840630434769952,0.30882955346772945,0.12609755670503262,0.47930980857285477,0.2799145808727361,0.7167770020685658,0.5643259598563164,0.09823486671730922,0.6963004690479189
sad,0.6039723914688858,0.4582965960901172,0.5118685575370855,0.08188310494071462,0.35860657899965154,0.5886298740985131,0.2255896176890015,0.6428638697385002,0.37699127003929,0.474468842669382,0.3562232639412348,0.4922105438878545,0.50532529176833,0.23680622628367576,0.3682414063131108,0.11128498804868628,0.8673864323055288,0.6886859860239726,0.10159056045111955,0.23057951778623123
sad,0.20620118135773843,0.19427957088043996,0.31347660712072367,0.38483315121829514,0.01801403054087668,0.24413266229345945,0.03244832801274673,0.2308801645355046,0.37699127003929,0.03731220739795855,0.44947631453320563,0.074412025876587,0.20247280112026875,0.09703884335689393,0.43465869417542674,0.7533096955743578,0.2581077150096247,0.3470707316750156,0.3664892096313073,0.00338940493434631
sad,0.4005150307327809,0.24739347347538318,0.39702437836736054,0.23800547735847896,0.2767420035858251,0.46968669588402495,0.17325094114689754,0.7879545164864599,0.3867678473368757,0.3140237495555362,0.5208754245610054,0.301443524593706,0.34621012522174127,0.20334499049467955,0.2503830186380381,0.12835616542540254,0.8461330047941089,0.4138316265101684,0.09103668431672425,0.019240638664600584
sad,0.15470307471831585,0.16255488989829275,0.3608619622892832,0.34883873951247796,0.029017765809932174,0.33222159354361996,0.0736280396553931,0.27811032052512236,0.37699127003929,0.06856199623359226,0.5994326324836389,0.16523349020760794,0.254288112768024,0.12998627803801002,0.4455317025150783,0.7393541732040575,0.1804623628478314,0.21950520559524456,0.35588443909461326,0.025670415436356158
sad,0.6237126003595963,0.5321352898550927,0.33485313203245415,0.21220521679432966,0.16871026230707642,0.28425351123891607,0.1678265636956429,0.37305324291259634,0.38702755610544065,0.17915849938342118,0.47342590213687663,0.5827109109551919,0.55685615219384,0.15497757012346577,0.31646200247010536,0.7657384839364026,0.18582919190982017,0.1086917339703146,0.31950022703921843,0.10807885747953706
sad,0.49182858682164854,0.5043048964595074,0.2835306518358139,0.0599723365241413,0.538681905541903,0.6036282551194628,0.24560456628806504,0.6039384077695783,0.40506355210882394,0.44998704591248284,0.5951504931004723,0.5867037876259108,0.6799660877194466,0.1301475738096308,0.32433700620693007,0.45595189297365213,0.1435283641967263,0.13169539730884727,0.13315163050019865,0.09644835331148184
suprise,0.42026289896353386,0.3406201981904519,0.1738770452102173,0.4776216897657883,0.2890233236966112,0.3063276448715439,0.06880483445770075,0.42246617047249113,0.40506355210882394,0.4366091812712278,0.5073019588159008,0.49096173176653957,0.4477988542855952,0.08109134505507092,0.3141379170011287,0.5843525936930589,0.3413026024969341,0.38823524051111535,0.12332761184053559,0.046267055534791914
suprise,0.725967383174258,0.49594530408240173,0.27907031270268823,0.7391148647788004,0.3711907082527833,0.4368716846472965,0.18864912823190283,0.8733377970800791,0.3819492532325673,0.5491982582982301,0.3262361591770172,0.45334824425669124,0.25783195549428595,0.2500584355855505,0.24056037059233562,0.014188979014163711,0.9561526848440914,0.7973298596270176,0.07856884362137949,0.1578233448614427
suprise,0.4561113031003741,0.4445398893646831,0.20463973170159058,0.31315279167998367,0.8209146911199663,0.7739032959544193,0.1973560525086916,0.953214024938712,0.4150998381749746,0.9217655274404296,0.569534829006542,0.18093265666932057,0.2181527351602933,0.22879766976137808,0.22654623608677862,0.0308528675018198,0.975890561998349,0.6845168147896713,0.15372287189874578,0.055042696489803936
suprise,0.46971334023520633,0.32417744475987603,0.3700576697569918,0.7054686710972965,0.07505717100705059,0.1838042453349861,0.01720823504034495,0.4430400654095469,0.37699127003929,0.11968848345973547,0.2826216584819567,0.20115585922059778,0.3507945997723718,0.16465433694661671,0.3600386227714015,0.40337828390473857,0.6473811802778879,0.5142424776711156,0.12533678659887876,0.02642814350307699
suprise,0.7124020810603169,0.5424268406051554,0.274591841013837,0.592533273407215,0.48199326386175606,0.5660306587011874,0.15274594617972598,0.9372847866547181,0.392815162814791,0.6287880117464493,0.38975225321980056,0.429001332166278,0.27260671997689884,0.24089115705131786,0.2371042041905968,0.025286120615087778,0.9760680977557119,0.8311996896770386,0.07514890524269299,0.06731685227504264
suprise,0.6425987781080078,0.5465282733550361,0.2673839991828603,0.23085151588136057,0.4764889346488014,0.5584254792790132,0.24544642015844878,0.762832883957147,0.37921505610544065,0.5622484125490923,0.3362135808131078,0.4131734030589316,0.46846543060751256,0.30949411132427185,0.30058225421947776,0.18301225611410443,0.8671244996193099,0.5892681695835716,0.1475757759830068,0.3646335729859981
suprise,0.554799588294553,0.3979290491973159,0.24342861227833665,0.6504070542938786,0.2928287871506303,0.3944237268923129,0.10116772157966392,0.7119603087696832,0.37699127003929,0.4873064472646922,0.5055937965698524,0.3350481811184461,0.2675816952130727,0.198845071566614,0.1871391964295433,0.04686063211655671,0.962392618326899,0.6962961763216506,0.07263782902564518,0.028538854769070303
suprise,0.7558521998362621,0.5594994137432677,0.3715025349563935,0.7030627113444509,0.14760889516294695,0.23485921466073875,0.040806757719509444,0.504475666724441,0.37699127003929,0.19861108234790936,0.2352298463069268,0.379834835165356,0.45577057592669956,0.17780039823585325,0.24704828069289517,0.07702026832462569,0.6979098432247456,0.5602778863348538,0.05767917427662185,0.08656893666444658
suprise,0.38433930672520755,0.20088732615694718,0.42123160300731494,0.5740115201911369,0.0707932272643105,0.22607000132078148,0.033666702659093085,0.23013159251930207,0.37699127003929,0.09758228459231125,0.2437770968225507,0.3854305839350044,0.5106223747619982,0.04754844987558955,0.19266738200770386,0.17577519404074182,0.442657403428932,0.20031629994735733,0.12102874085143119,0.00963486954856318
suprise,0.733129399643148,0.6072698987634809,0.265810703498194,0.5134914578653728,0.33186115618416856,0.4751733655311205,0.17438842484299133,0.705650079592696,0.37699127003929,0.4477498172545637,0.20711938381975095,0.4359179257993899,0.36576231876096876,0.23174350708459898,0.24267627056200064,0.029296487603799295,0.9754672304602695,0.8138007197161238,0.10481477802159023,0.12408364761792277
suprise,0.7068256827208322,0.48646109304421625,0.3264763737061193,0.7810698043775222,0.0973822371665947,0.2918815699506194,0.12745083755858905,0.6695637645667597,0.37699127003929,0.16690351117963026,0.14903757344879479,0.30267017925533507,0.33544355718348734,0.19870887116155234,0.24150454700150747,0.038144273777121346,0.9645591943608218,0.8023475921770741,0.0814698163534335,0.10774266324149445
suprise,0.4405489695729799,0.30687773182481687,0.3622290061690753,0.7513962609476016,0.15719324039973653,0.3685782782587934,0.13916384658605147,0.7212898962959293,0.37699127003929,0.1866805571104515,0.2494451481301443,0.3362843219267007,0.2803826295628278,0.24192060049352798,0.19556657702613423,0.03691152372914014,0.9567314971985853,0.7026530424160706,0.06834706349598739,0.12746296557777712
suprise,0.6366533793481521,0.5672188734609209,0.2662281933006063,0.5949161893513609,0.3961017113109831,0.5472025163207304,0.18951636278185804,0.8240640635044941,0.37921505610544065,0.5613099991587547,0.29454978962823464,0.4785383155446835,0.32209440184524724,0.21255614325464822,0.2833731121994294,0.059117841920288405,0.9670975433741867,0.7732823105349884,0.08023226826736991,0.1943825342289065
suprise,0.6863411424895565,0.5295664381517565,0.3598675497155307,0.6898032923603756,0.04785616673282601,0.18344189646724626,0.04457139052372286,0.197050590544813,0.37699127003929,0.059384860121912846,0.28202664771857133,0.35571958752569,0.49517814863917026,0.06413860523290509,0.2703507427507926,0.29736354593366804,0.4756731020193037,0.3117382597763014,0.1439445438191153,0.14876351425402443
suprise,0.7072951642211702,0.4543476647202323,0.27703726408072804,0.41885837186526514,0.22167710299006965,0.5532227421035149,0.15789983073011252,0.8400982025748908,0.37921505610544065,0.23686586767378287,0.3722670318003363,0.3932095135123813,0.3350964967161607,0.239728301514856,0.1550400568303306,0.04342644801706529,0.8750977814979566,0.6322982372063191,0.07665808220602266,0.17209658835014657
suprise,0.6632455179075515,0.5363499807368114,0.334085049177319,0.7525852093298243,0.26159892556789155,0.40860368826955523,0.17413296319450153,0.6600438208067112,0.37699127003929,0.39973947524274916,0.17568946409208316,0.4330094111233895,0.26766489373349345,0.22479702054791895,0.2422481413028493,0.03549586811734495,0.9513222781244001,0.7623757908078065,0.09121305524403399,0.1278027559801261
suprise,0.6824721517492353,0.47421897287046094,0.23407752607555443,0.24675844756119686,0.6168355845087878,0.6905581274686338,0.1401120603878142,0.9372768939636217,0.4150998381749746,0.6298522316098584,0.6969944292627084,0.25525763649884037,0.23033529785576928,0.232654358245397,0.18575120029531722,0.05667855995439175,0.9564959190874459,0.597140720752301,0.051352810661550986,0.0294812963677416
suprise,0.7124668899523756,0.5393017930743867,0.19732451807331622,0.6108906832040248,0.5908265486018779,0.6373513461925827,0.14538473610459393,0.9428341927943955,0.4150998381749746,0.7818648861329174,0.41500783617956827,0.4354678057089906,0.320750400917968,0.2640904162607026,0.23344822537243978,0.021316223038758294,0.9820696512532405,0.8163149041375428,0.041941864936113224,0.09778551236393758
suprise,0.43553425769248133,0.32236744476976603,0.22651348244484137,0.6106492384879245,0.14467911672280068,0.1584067599488177,0.053450274769661486,0.10321455986490702,0.37699127003929,0.21102343059029055,0.33298537867278416,0.5511253708753548,0.5536936133187715,0.05875632482775817,0.20375777182120403,0.37988630061522927,0.14792712461747146,0.1341471864300212,0.11248535232253445,0.05206461131347354
suprise,0.5515012643402488,0.41604670172716446,0.3505953213741433,0.44057852461091024,0.11735830019389812,0.4033605956274457,0.09702147366637844,0.6844251463665849,0.37699127003929,0.20017424414754256,0.28724584236653333,0.3181161515076326,0.2425723184343623,0.1886433332827202,0.33437814887560674,0.08353028650652199,0.9186135210996019,0.7672068766309338,0.11049042626245219,0.04079518310547146
suprise,0.7596881302132674,0.525730379667293,0.21973934518701368,0.6964115040250386,0.19469162587734176,0.3154314637859881,0.04832220469521035,0.6754248232273942,0.37699127003929,0.279924873450058,0.2808092754301552,0.3898885455508884,0.39530621768993324,0.1984427301639442,0.22218168854568413,0.07352650802867322,0.8698929588150046,0.6622708704012364,0.08420870833037734,0.06945709485261356
suprise,0.7238048754667431,0.5106538612866618,0.28974544102834665,0.7084472893135676,0.2541616938958411,0.4586577565609203,0.14219156113178527,0.8303334669369875,0.3819492532325673,0.4356884773006688,0.3422261722374448,0.41440505064663097,0.27531578725823613,0.2068533388430472,0.24268100323801253,0.05430716081674338,0.9499902299261828,0.8072017934295656,0.04497242161648791,0.0797407730543143
suprise,0.6288082577175775,0.41379930782872737,0.4305792468035301,0.7586272216543806,0.1572661324345919,0.3501298313414049,0.14599557229837198,0.7720821025864331,0.37699127003929,0.2379042116320104,0.15719037080031054,0.3253755822825059,0.3207707737077016,0.22172652315521804,0.1924902971167054,0.03513446353518314,0.9733792444833665,0.7777327864964981,0.07705360038374957,0.10315766101343075
suprise,0.7299128625850985,0.503600119121821,0.3562764327139497,0.7185116600298146,0.03483448844559694,0.10312793352712277,0.004392418542429861,0.11545918278309819,0.37699127003929,0.04047058098968695,0.1426737963740487,0.3511187027532552,0.4210972442911847,0.03562818255184613,0.35647153158297074,0.3942538343720539,0.3060224351914389,0.2590244328951463,0.1450732682059199,0.053400968154149346
suprise,0.7231629432532711,0.4843859210996835,0.37982940062076237,0.7482579549523913,0.12045682275829332,0.2956811000177823,0.12828192857676451,0.6569211463255313,0.37699127003929,0.2610670239098435,0.15794964204111103,0.35766548902295175,0.3666896482012689,0.2296123913692827,0.22324604969814899,0.02371234029354002,0.9483310870863845,0.7958106570805364,0.10255365096810856,0.13067806912190053
suprise,0.5880255179543046,0.5152221850218177,0.21098551938786836,0.4651210298236676,0.4496161543459858,0.4556689150109134,0.12467639687642255,0.774740982197862,0.37921505610544065,0.6023574842569506,0.5213676031631191,0.3760303741178594,0.3181713689118784,0.27172818409475635,0.23366228445492396,0.05216697604773547,0.9374409272316561,0.6360443439152399,0.10155380555613729,0.11964329794244004
